City_ID,City,Lat,Lng,Max Temp,Humidity,Cloudiness,Wind Speed,Country,Date
0,makokou,0.5738,12.8642,73.08,91,100,0.6,GA,1701598108
1,waitangi,-43.9535,-176.5597,58.82,95,100,7.0,NZ,1701598109
2,umuahia,5.5263,7.4896,87.8,59,84,3.24,NG,1701598110
3,yellowknife,62.456,-114.3525,-13.45,75,54,5.01,CA,1701598086
4,harrisonville,38.6533,-94.3488,35.78,93,100,10.36,US,1701598100
5,ushuaia,-54.8,-68.3,35.17,89,82,3.29,AR,1701598112
6,lincoln,40.8,-96.667,31.12,94,100,7.0,US,1701598112
7,iqaluit,63.7506,-68.5145,5.05,88,100,3.94,CA,1701598113
8,prado,-17.3411,-39.2208,79.79,70,1,9.33,BR,1701597876
9,youkounkoun,12.5333,-13.1333,86.43,23,99,1.36,GN,1701598114
10,southside,33.9245,-86.0225,64.51,99,100,3.44,US,1701598115
11,invercargill,-46.4,168.35,48.76,61,29,12.1,NZ,1701598115
12,grytviken,-54.2811,-36.5092,35.82,71,25,13.94,GS,1701598116
13,port-aux-francais,-49.35,70.2167,42.46,93,100,37.54,TF,1701598116
14,iskateley,67.6803,53.1512,3.02,95,99,10.0,RU,1701598117
15,muswellbrook,-32.2667,150.9,68.25,78,42,12.5,AU,1701598117
16,uvira,-3.4067,29.1458,81.12,70,93,1.34,CD,1701598118
17,naze,28.3667,129.4833,59.49,60,66,7.85,JP,1701598119
18,shorkot,31.9099,70.8774,77.22,23,44,3.29,PK,1701598119
19,port mathurin,-19.6833,63.4167,78.53,84,88,16.31,MU,1701598120
20,nuevitas,21.5453,-77.2644,74.26,90,69,4.0,CU,1701598120
21,edinburgh of the seven seas,-37.0676,-12.3116,57.24,74,14,1.5,SH,1701598121
22,qaqortoq,60.7167,-46.0333,24.35,71,97,9.55,GL,1701598122
23,tommot,58.9564,126.2925,-13.95,99,100,2.57,RU,1701598122
24,rongelap,11.1635,166.8941,81.75,74,100,20.96,MH,1701598123
25,port elizabeth,-33.918,25.5701,80.1,74,79,8.01,ZA,1701598123
26,xai-xai,-25.0519,33.6442,83.68,46,22,10.89,MZ,1701598124
27,sao jose da coroa grande,-8.8978,-35.1478,80.82,78,53,9.86,BR,1701598125
28,georgetown,5.4112,100.3354,84.13,74,20,4.61,MY,1701598105
29,chlef,36.1652,1.3345,56.35,66,0,3.74,DZ,1701598126
30,bethel,41.3712,-73.414,46.87,89,100,4.61,US,1701598127
31,praia da vitoria,38.7333,-27.0667,55.76,78,87,18.5,PT,1701598127
32,bilibino,68.0546,166.4372,-13.77,99,100,1.97,RU,1701598128
33,portland,45.5234,-122.6762,47.57,93,100,5.75,US,1701597562
34,harstad,68.799,16.5293,27.16,84,63,3.96,NO,1701598129
35,nikolayevsk-on-amure,53.1406,140.73,0.18,93,39,3.27,RU,1701598130
36,lagos,6.5833,3.75,91.09,54,53,1.54,NG,1701598130
37,arraial do cabo,-22.9661,-42.0278,76.86,88,75,5.75,BR,1701598131
38,albany,42.6001,-73.9662,42.64,93,100,1.01,US,1701597845
39,hithadhoo,-0.6,73.0833,82.42,73,6,10.16,MV,1701598132
40,tiksi,71.6872,128.8694,-9.58,97,100,13.2,RU,1701598132
41,hadibu,12.65,54.0333,80.19,60,32,17.98,YE,1701598133
42,howrah,22.5892,88.3103,84.2,51,40,5.75,IN,1701598134
43,newman,37.3138,-121.0208,47.28,89,97,1.68,US,1701598134
44,fuxin,42.0156,121.6589,31.01,60,7,5.99,CN,1701598135
45,badger,64.8,-147.5333,-9.53,78,100,0.0,US,1701598135
46,thompson,55.7435,-97.8558,14.99,97,100,4.61,CA,1701598136
47,namibe,-15.1961,12.1522,72.93,88,100,4.54,AO,1701598136
48,phalaborwa,-23.943,31.1411,87.71,30,0,5.57,ZA,1701598137
49,ilulissat,69.2167,-51.1,24.82,46,75,4.61,GL,1701598137
50,west island,-12.1568,96.8225,82.38,65,44,10.36,CC,1701598138
51,olonkinbyen,70.9221,-8.7187,33.76,89,68,17.25,SJ,1701598139
52,hawaiian paradise park,19.5933,-154.9731,73.04,98,100,4.61,US,1701598139
53,marsh harbour,26.5412,-77.0636,77.25,88,90,8.03,BS,1701597923
54,miguel ahumada,30.6167,-106.5167,44.1,48,0,1.39,MX,1701598140
55,port hedland,-20.3167,118.5667,82.45,74,0,17.27,AU,1701598141
56,bovalino,38.149,16.174,64.29,61,100,7.54,IT,1701598142
57,altar,30.7,-111.8167,51.98,40,0,2.68,MX,1701598142
58,bongor,10.2806,15.3722,96.01,9,28,10.45,TD,1701598143
59,adamstown,-25.066,-130.1015,72.03,84,6,16.2,PN,1701598143
60,fukuecho,32.6881,128.8419,53.83,56,35,9.91,JP,1701598144
61,ulsteinvik,62.3432,5.8487,30.33,72,39,8.01,NO,1701598145
62,mossel bay,-34.1831,22.146,66.34,72,99,16.42,ZA,1701598145
63,jobat,22.4167,74.5667,83.55,52,1,5.19,IN,1701598146
64,shubarkuduk,49.1447,56.4872,34.77,54,100,7.38,KZ,1701598146
65,hermanus,-34.4187,19.2345,67.95,57,14,16.49,ZA,1701598147
66,hilo,19.7297,-155.09,73.62,99,100,4.61,US,1701598148
67,anadyr,64.75,177.4833,1.9,85,40,6.71,RU,1701598148
68,koz'modem'yansk,56.3367,46.5711,15.3,91,89,4.59,RU,1701598149
69,margaret river,-33.95,115.0667,66.34,72,1,10.6,AU,1701598149
70,tazovsky,67.4667,78.7,-18.69,92,6,12.26,RU,1701598150
71,ribeira grande,38.5167,-28.7,55.8,67,40,4.61,PT,1701598151
72,minas de marcona,-15.2119,-75.1103,56.25,87,72,11.65,PE,1701598151
73,degerfors,59.238,14.4308,17.69,87,89,3.18,SE,1701598152
74,san agustin de valle fertil,-30.6335,-67.4682,61.97,33,95,10.54,AR,1701598152
75,sitka,57.0531,-135.33,44.49,61,100,13.8,US,1701598153
76,dingzhou,38.5131,114.9956,40.71,29,2,3.56,CN,1701598154
77,tubarjal,30.4999,38.216,70.93,30,0,14.85,SA,1701598154
78,lata,40.1629,-8.3327,45.07,78,76,4.36,PT,1701598156
79,hamilton,39.1834,-84.5333,45.84,90,100,3.44,US,1701598011
80,constantia,44.1833,28.65,57.88,66,100,9.1,RO,1701598157
81,blackmans bay,-43.0167,147.3167,59.74,83,96,5.99,AU,1701598157
82,khandyga,62.6667,135.6,-42.0,99,100,1.21,RU,1701598158
83,puerto ayora,-0.7393,-90.3518,75.54,94,96,5.99,EC,1701598159
84,sona,45.4388,10.8255,47.48,59,0,1.14,IT,1701598159
85,pimentel,-6.8367,-79.9342,68.29,83,0,11.5,PE,1701598160
86,pacific grove,36.6177,-121.9166,51.78,90,20,3.44,US,1701598161
87,cape girardeau,37.3834,-89.7168,42.8,95,5,7.63,US,1701597866
88,al jawf,29.5,38.75,72.32,33,0,11.23,SA,1701598162
89,mount isa,-20.7333,139.5,76.77,88,75,9.22,AU,1701598163
90,rameswaram,9.2833,79.3,82.71,75,82,8.23,IN,1701598163
91,kolonia town,6.964,158.206,80.6,89,100,4.61,FM,1701598164
92,talnakh,69.4865,88.3972,-28.55,90,11,1.77,RU,1701598164
93,ust-nera,64.5667,143.2,-43.69,98,78,2.06,RU,1701598165
94,hobyo,5.3505,48.5268,83.66,64,97,23.64,SO,1701597981
95,ancud,-41.8697,-73.8203,41.54,80,6,5.64,CL,1701598166
96,longyearbyen,78.2186,15.6401,19.24,79,75,6.91,SJ,1701598167
97,bredasdorp,-34.5322,20.0403,74.66,38,23,18.34,ZA,1701598167
98,la palma,33.8464,-118.0467,57.11,87,0,3.44,US,1701598168
99,oranjemund,-28.55,16.4333,68.54,62,0,19.53,NA,1701598169
100,port lincoln,-34.7333,135.8667,64.27,68,100,6.71,AU,1701598169
101,koh kong,11.6175,102.9806,83.14,77,95,1.43,KH,1701598170
102,tura,25.5198,90.2201,76.17,58,84,2.44,IN,1701598170
103,kalix,65.853,23.1565,16.2,94,99,8.88,SE,1701598171
104,east london,-33.0153,27.9116,68.94,100,100,5.75,ZA,1701598172
105,fort bragg,35.139,-79.006,66.04,96,100,4.61,US,1701598172
106,daru,-9.0763,143.2092,81.75,81,73,11.07,PG,1701598173
107,sao joao da barra,-21.6403,-41.0511,78.89,90,18,8.86,BR,1701598174
108,kingston,17.997,-76.7936,77.95,79,20,5.75,JM,1701597630
109,pacocha,-17.5833,-71.3333,63.93,85,57,4.05,PE,1701598175
110,les avirons,-21.2418,55.3394,80.65,78,100,3.44,RE,1701597927
111,puerto natales,-51.7236,-72.4875,39.81,77,51,7.56,CL,1701598102
112,suva,-18.1416,178.4415,78.28,94,20,2.3,FJ,1701598176
113,tolanaro,-25.0319,46.9987,77.11,55,1,13.58,MG,1701598177
114,waingapu,-9.6567,120.2641,83.41,79,73,7.11,ID,1701598178
115,saipan,15.1355,145.701,81.3,74,0,16.11,MP,1701598178
116,ola,59.5833,151.2833,3.9,91,100,10.0,RU,1701598180
117,buncrana,55.1333,-7.45,29.97,90,11,1.97,IE,1701598180
118,jamestown,42.097,-79.2353,44.24,100,100,5.75,US,1701598053
119,taloda,21.5667,74.2167,86.95,46,0,6.42,IN,1701598181
120,preobrazheniye,42.9019,133.9064,27.64,68,1,3.98,RU,1701598182
121,dalandzadgad,43.5708,104.425,24.62,56,6,5.26,MN,1701598183
122,paracuru,-3.41,-39.0306,81.1,67,38,11.27,BR,1701598106
123,thanesar,29.9833,76.8167,76.55,28,0,3.2,IN,1701598184
124,fada,9.5667,8.3,87.8,15,93,3.94,NG,1701598184
125,touros,-5.1989,-35.4608,81.64,72,69,10.16,BR,1701598156
126,haiku-pauwela,20.9219,-156.3051,76.05,87,0,3.0,US,1701598185
127,tagiura,32.8817,13.3506,68.0,65,100,16.37,LY,1701598186
128,antigonish,45.6169,-61.9986,38.01,91,100,5.99,CA,1701598187
129,plastun,44.7561,136.2939,21.43,76,1,5.37,RU,1701598187
130,kismayo,-0.3582,42.5454,86.99,64,15,13.24,SO,1701598188
131,belomorsk,64.5232,34.7668,12.79,97,100,3.11,RU,1701598188
132,anatuya,-28.4606,-62.8347,70.68,96,100,15.26,AR,1701598189
133,papatowai,-46.5619,169.4708,48.74,59,51,15.73,NZ,1701598190
134,as samawah,31.332,45.2944,72.81,28,0,8.08,IQ,1701597944
135,fale old settlement,-9.3852,-171.2468,83.68,72,100,15.68,TK,1701598191
136,zeya,53.75,127.2667,2.48,91,100,3.98,RU,1701598191
137,ulundi,-28.3352,31.4162,91.94,25,3,10.13,ZA,1701598192
138,dili,-8.5586,125.5736,83.25,80,67,6.89,TL,1701598193
139,sola,-13.8833,167.55,80.44,84,93,21.36,VU,1701598194
140,nova sintra,14.8667,-24.7167,72.61,77,61,18.03,CV,1701598194
141,bubaque,11.2833,-15.8333,81.88,61,100,3.76,GW,1701598195
142,kikwit,-5.041,18.8162,83.64,60,99,4.94,CD,1701598196
143,armacao de buzios,-22.7469,-41.8817,77.05,89,77,8.05,BR,1701598196
144,alekseyevskoye,55.3071,50.1135,8.89,96,81,1.92,RU,1701598197
145,avarua,-21.2078,-159.775,75.25,88,100,11.5,CK,1701598197
146,veinticinco de mayo,-35.4323,-60.1727,54.99,81,99,1.01,AR,1701598198
147,bethanie,-26.4833,17.15,88.7,24,40,1.43,NA,1701598199
148,taro,-8.3862,115.28,77.0,92,97,2.89,ID,1701598199
149,alofi,-19.0595,-169.9187,78.42,82,20,15.19,NU,1701598200
150,broome,42.2506,-75.833,46.78,90,100,5.75,US,1701598200
151,saldanha,-33.0117,17.9442,65.75,63,64,11.59,ZA,1701598201
152,black river,18.0264,-77.8487,74.05,85,21,4.85,JM,1701598202
153,ustka,54.5805,16.8619,30.65,83,100,12.75,PL,1701598203
154,nuku'alofa,-21.1333,-175.2,79.14,89,20,9.22,TO,1701598203
155,chibougamau,49.9168,-74.3659,-1.14,98,100,3.13,CA,1701598204
156,isafjordur,66.0755,-23.124,32.04,86,100,18.41,IS,1701598204
157,petropavlovsk-kamchatsky,53.0452,158.6483,18.45,76,84,8.01,RU,1701598205
158,fortuna,40.5982,-124.1573,55.74,98,100,1.01,US,1701598206
159,tadmur,34.5608,38.2805,63.73,45,0,2.13,SY,1701598206
160,cacule,-14.5033,-42.2222,73.65,74,100,5.97,BR,1701598207
161,tadine,-21.55,167.8833,73.26,81,61,9.82,NC,1701598207
162,lhasa,29.65,91.1,45.99,10,12,4.07,CN,1701598208
163,stanley,54.868,-1.6985,31.28,92,100,0.49,GB,1701598209
164,boyolangu,-8.1181,111.8935,80.55,79,79,8.72,ID,1701598209
165,awjilah,29.1081,21.2869,71.98,32,97,10.92,LY,1701598210
166,calendario,41.4036,-8.5297,50.18,68,100,5.48,PT,1701598211
167,cedeira,43.6797,-8.0209,52.81,78,80,22.19,ES,1701598211
168,my tho,10.35,106.35,79.27,84,100,5.61,VN,1701598212
169,seka,17.9285,103.9552,82.65,57,100,3.33,TH,1701598213
170,varde,55.6211,8.4807,38.98,83,75,2.3,DK,1701598214
171,greymouth,-42.4667,171.2,60.39,98,100,3.36,NZ,1701598214
172,dieppe,49.75,1.1667,35.33,87,100,4.0,FR,1701598214
173,friedrichroda,50.8575,10.5651,29.98,88,97,8.79,DE,1701598215
174,richmond,37.5538,-77.4603,61.66,96,100,3.44,US,1701597757
175,san felipe,10.3399,-68.7425,72.77,93,98,2.21,VE,1701598218
176,punta arenas,-53.15,-70.9167,42.91,65,40,14.97,CL,1701598218
177,luderitz,-26.6481,15.1594,79.29,43,4,27.42,NA,1701598219
178,vrangel',42.7297,133.0839,29.14,66,0,8.03,RU,1701598220
179,nar'yan-mar,67.6713,53.087,3.11,95,98,10.0,RU,1701598221
180,kapoeta,4.7717,33.5903,95.16,27,32,14.99,SS,1701598221
181,mormugao,15.4,73.8,83.91,66,75,13.44,IN,1701598223
182,wismar,53.9,11.4667,32.13,93,78,1.99,DE,1701598169
183,coquimbo,-29.9533,-71.3436,59.34,80,0,2.39,CL,1701598224
184,mount gambier,-37.8333,140.7667,56.8,89,94,5.12,AU,1701598225
185,colonia,50.9333,6.95,36.82,78,20,8.05,DE,1701598225
186,danane,7.2596,-8.155,83.8,60,11,2.24,CI,1701598226
187,udachny,66.4167,112.4,-43.29,100,65,3.04,RU,1701598227
188,wailua homesteads,22.0669,-159.378,70.23,90,20,6.91,US,1701598227
189,siwa oasis,29.2041,25.5195,69.24,54,100,6.62,EG,1701598228
190,senanga,-16.1167,23.2667,94.57,21,54,5.3,ZM,1701598229
191,dierdorf,50.55,7.6667,33.31,88,89,1.01,DE,1701598230
192,khandud,36.9513,72.318,32.81,48,96,1.7,AF,1701598231
193,lunas,10.6402,123.7525,84.22,81,32,7.87,PH,1701598232
194,whitehorse,60.7161,-135.0538,1.4,98,61,4.63,CA,1701598232
195,flying fish cove,-10.4217,105.6791,80.28,73,40,8.05,CX,1701598233
196,st. john's,47.5649,-52.7093,35.98,88,98,11.99,CA,1701598212
197,aykhal,66.0,111.5,-36.42,100,43,4.32,RU,1701598234
198,bamboo flat,11.7,92.7167,86.09,79,75,11.5,IN,1701598235
199,katsuura,35.1333,140.3,57.22,59,2,18.37,JP,1701598237
200,bodaybo,57.8506,114.1933,16.88,95,99,4.43,RU,1701598237
201,tralee,52.2704,-9.7026,28.65,100,0,1.14,IE,1701598238
202,porto velho,-8.7619,-63.9039,75.25,94,40,1.14,BR,1701597964
203,lihue,21.9789,-159.3672,70.84,86,20,6.91,US,1701598239
204,muleshoe,34.2265,-102.7238,40.69,29,75,15.39,US,1701598240
205,sainyabuli,19.25,101.75,75.42,82,70,1.83,LA,1701598240
206,andrelandia,-21.7397,-44.3092,70.48,83,6,2.28,BR,1701598241
207,san carlos de bariloche,-41.1456,-71.3082,32.45,84,42,4.47,AR,1701598222
208,mahibadhoo,3.7833,72.9667,82.74,76,82,11.72,MV,1701598242
209,sisimiut,66.9395,-53.6735,20.17,79,95,7.11,GL,1701598243
210,san patricio,28.017,-97.5169,60.64,68,100,6.31,US,1701598243
211,remire-montjoly,4.9167,-52.2667,73.44,100,100,0.0,GF,1701598244
212,arkhangel'sk,64.5401,40.5433,5.11,88,75,0.0,RU,1701598125
213,margate,51.3813,1.3862,41.31,90,100,15.01,GB,1701598025
214,vernon,50.2581,-119.2691,28.76,87,59,0.34,CA,1701598246
215,kharp,66.8014,65.8081,-16.91,98,9,4.18,RU,1701598246
216,wotje,9.4543,170.2367,81.28,80,87,18.5,MH,1701598247
217,saacow,1.6279,42.4407,94.08,33,15,13.76,SO,1701598247
218,tsiombe,-25.3,45.4833,82.02,40,0,18.3,MG,1701598248
219,vrontados,38.4089,26.1328,69.66,78,20,17.27,GR,1701598249
220,ketchikan,55.3422,-131.6461,43.27,81,100,27.63,US,1701598250
221,berdigestyakh,62.0989,126.6992,-51.57,100,59,0.94,RU,1701598251
222,santyoku,37.4406,129.1708,39.65,56,0,6.51,KR,1701598251
223,masterton,-40.9597,175.6575,59.88,99,100,1.83,NZ,1701598228
224,pizarro,4.9533,-77.366,76.78,91,100,6.06,CO,1701598252
225,sarmiento,-45.5882,-69.07,42.15,57,0,8.16,AR,1701598253
226,saint-pierre,-21.3393,55.4781,82.18,78,100,3.44,RE,1701598253
227,inderbor,48.55,51.7833,35.51,71,100,8.55,KZ,1701598254
228,sol'-iletsk,51.1631,54.9918,30.67,63,89,6.06,RU,1701598255
229,dudinka,69.4058,86.1778,-23.93,92,11,10.33,RU,1701598255
230,sretensk,52.2453,117.7093,8.38,100,97,2.3,RU,1701598256
231,pathein,16.7833,94.7333,85.95,63,9,6.62,MM,1701598257
232,utena,55.5,25.6,19.8,91,100,4.36,LT,1701598258
233,sarykemer,43.0,71.5,62.08,32,38,7.52,KZ,1701598258
234,nemuro,43.3236,145.575,38.71,61,14,11.95,JP,1701598259
235,howard springs,-12.497,131.047,84.11,92,93,7.07,AU,1701598259
236,college,64.8569,-147.8028,-9.45,73,0,0.0,US,1701598260
237,primero de enero,21.9469,-78.4283,72.23,94,60,3.36,CU,1701598261
238,andergrove,-21.0833,149.1833,74.17,90,99,4.94,AU,1701598261
239,adjumani,3.3779,31.7909,92.21,36,3,1.07,UG,1701598262
240,tangalle,6.024,80.7911,86.16,86,67,14.0,LK,1701598262
241,tawau,4.2498,117.8871,84.33,81,87,4.45,MY,1701597981
242,mirpur sakro,24.5474,67.6277,84.94,17,0,16.73,PK,1701598264
243,acarau,-2.8856,-40.12,80.2,73,54,10.4,BR,1701598265
244,glace bay,46.1969,-59.957,38.21,89,99,11.01,CA,1701598266
245,popondetta,-8.7537,148.2534,74.7,96,63,2.82,PG,1701598266
246,nizhnyaya tavda,57.6731,66.1725,4.15,86,100,14.83,RU,1701598267
247,san juan de miraflores,-12.1629,-76.9635,67.17,83,97,3.36,PE,1701598267
248,mugia,43.1041,-9.2179,54.16,81,100,30.85,ES,1701598268
249,nurabad,34.0734,47.9725,58.32,15,0,3.13,IR,1701598269
250,rampur,28.8167,79.0333,81.1,23,0,7.38,IN,1701598269
251,tazacorte,28.629,-17.9293,70.14,80,40,4.61,ES,1701598270
252,fisterra,42.9049,-9.2629,54.01,79,100,31.94,ES,1701598270
253,boende,-0.2167,20.8667,73.09,97,99,3.83,CD,1701598271
254,jinchang,38.4953,102.1739,37.29,26,64,2.26,CN,1701598272
255,dhidhdhoo,6.8833,73.1,83.53,75,95,11.05,MV,1701598272
256,chania,35.5122,24.0156,73.0,56,20,0.0,GR,1701598273
257,alice springs,-23.7,133.8833,92.75,22,21,6.91,AU,1701598274
258,vorgashor,67.5833,63.95,-15.88,99,46,4.03,RU,1701598274
259,la passe,45.5549,-0.8967,38.98,80,52,14.67,FR,1701598275
260,nogliki,51.8333,143.1667,2.34,93,9,5.99,RU,1701598275
261,nadym,65.5333,72.5167,-20.54,95,6,11.05,RU,1701598276
262,cidreira,-30.1811,-50.2056,72.81,92,80,3.33,BR,1701598277
263,trondheim,63.4305,10.3951,21.29,83,31,5.97,NO,1701598277
264,gobabis,-22.45,18.9667,78.44,37,100,8.14,NA,1701598278
265,dzhangala,49.2167,50.3333,33.26,80,100,10.71,KZ,1701598279
266,hollywood,34.0983,-118.3267,55.62,71,0,3.44,US,1701598052
267,houghton,47.1219,-88.569,31.48,87,100,4.61,US,1701598280
268,kodiak,57.79,-152.4072,40.51,81,100,26.46,US,1701598281
269,nuuk,64.1835,-51.7216,30.81,69,100,8.05,GL,1701598281
270,yichang,30.7144,111.2847,51.66,53,20,2.24,CN,1701598282
271,saint croix,17.7397,-64.7388,76.96,77,0,5.75,VI,1701598283
272,mbalmayo,3.5167,11.5,80.92,56,73,1.36,CM,1701598284
273,ar rahad,12.7167,30.65,91.87,16,21,13.85,SD,1701598284
274,olinda,-8.0089,-34.8553,82.13,74,75,9.22,BR,1701598286
275,punta del este,-34.9667,-54.95,64.51,73,75,20.71,UY,1701598286
276,kristiansund,63.1115,7.732,25.45,58,0,6.91,NO,1701598287
277,luang namtha,20.9497,101.4011,72.55,95,98,1.34,LA,1701598288
278,hasaki,35.7333,140.8333,50.4,46,1,15.48,JP,1701598288
279,al bawiti,28.3492,28.8659,71.28,49,24,6.73,EG,1701598289
280,tacna,-18.0056,-70.2483,58.32,90,46,1.92,PE,1701598226
281,palmer,42.1584,-72.3287,45.01,82,100,0.0,US,1701598231
282,fort st. john,56.2499,-120.8529,17.46,91,8,1.63,CA,1701598291
283,kievka,50.2619,71.5514,33.51,73,100,24.85,KZ,1701598291
284,auki,-8.7676,160.7034,76.84,90,96,3.24,SB,1701598292
285,port alberni,49.2413,-124.8028,44.87,95,100,1.01,CA,1701598292
286,island harbour,50.724,-1.2758,48.92,92,100,1.99,GB,1701598293
287,utrik,11.2278,169.8474,80.46,73,75,16.49,MH,1701598294
288,port douglas,-16.4833,145.4667,79.29,83,89,2.33,AU,1701598294
289,turinsk,58.0458,63.696,8.29,88,100,13.18,RU,1701598295
290,piacabucu,-10.4056,-36.4344,79.74,74,55,6.98,BR,1701598296
291,salinas,36.6777,-121.6555,52.18,92,100,3.44,US,1701598296
292,jining,35.405,116.5814,44.4,34,0,6.31,CN,1701598297
293,zhigalovo,54.8097,105.1578,9.48,98,93,3.87,RU,1701598297
294,vila velha,-20.3297,-40.2925,82.35,79,20,13.8,BR,1701598298
295,goalpara,26.1667,90.6167,80.55,46,43,2.86,IN,1701598299
296,zhosaly,45.4878,64.0781,50.65,62,100,14.0,KZ,1701598299
297,port alfred,-33.5906,26.891,73.18,84,89,5.01,ZA,1701598255
298,ales,44.1333,4.0833,41.7,30,77,4.36,FR,1701598300
299,leninskoye,41.7589,69.3864,59.07,34,31,2.55,KZ,1701598301
300,white city,42.4374,-122.8589,52.95,96,100,0.0,US,1701598302
301,amga,60.8953,131.9608,-47.72,100,64,0.69,RU,1701598302
302,chiredzi,-21.05,31.6667,92.48,23,1,11.01,ZW,1701598303
303,karratha,-20.7377,116.8463,81.19,68,0,16.96,AU,1701598303
304,dhanera,24.5167,72.0167,83.62,40,47,4.18,IN,1701598304
305,puerto ayacucho,5.6639,-67.6236,74.71,83,36,3.71,VE,1701598305
306,lebu,-37.6167,-73.65,47.3,73,1,19.17,CL,1701598306
307,miechow,50.3565,20.0279,29.98,95,100,15.41,PL,1701598306
308,al bayda',32.7627,21.7551,65.37,29,100,18.12,LY,1701598307
309,strezhevoy,60.7333,77.5889,0.97,98,92,1.99,RU,1701598308
310,labasa,-16.4167,179.3833,78.08,89,30,5.01,FJ,1701598308
311,susuman,62.7833,148.1667,-39.62,100,98,0.87,RU,1701598309
312,akureyri,65.6835,-18.0878,26.1,96,100,2.89,IS,1701598310
313,galesong,-5.3166,119.3661,77.02,75,78,4.38,ID,1701598095
314,lodwar,3.1191,35.5973,95.38,26,4,15.26,KE,1701598311
315,holualoa,19.6228,-155.9522,73.87,84,20,4.61,US,1701598311
316,sandnessjoen,66.0217,12.6316,-3.48,67,69,11.23,NO,1701598312
317,forbes,-33.3833,148.0167,74.91,38,3,7.16,AU,1701598313
318,aasiaat,68.7098,-52.8699,7.95,83,88,2.37,GL,1701598314
319,oriximina,-1.7656,-55.8661,74.05,90,74,3.02,BR,1701598100
320,rawlins,41.7911,-107.2387,30.09,64,100,36.82,US,1701598315
321,dunedin,-45.8742,170.5036,51.8,60,52,7.0,NZ,1701598316
322,qamdo,31.1667,97.2333,28.72,47,93,0.67,CN,1701598316
323,queenstown,-31.8976,26.8753,90.39,20,98,21.41,ZA,1701598317
324,vallenar,-28.5708,-70.7581,63.84,58,0,2.84,CL,1701598317
325,walvis bay,-22.9575,14.5053,67.08,63,97,9.78,NA,1701598283
326,carnarvon,-24.8667,113.6333,75.65,71,0,24.79,AU,1701598320
327,cheremukhovo,60.3484,59.9851,4.96,93,100,8.99,RU,1701598320
328,manokwari,-0.8667,134.0833,81.03,77,67,2.77,ID,1701598321
329,alta,69.9689,23.2717,16.86,84,75,3.44,NO,1701598322
330,palu,-0.8917,119.8707,79.11,94,96,1.77,ID,1701598325
331,colachel,8.1667,77.25,84.49,71,65,11.45,IN,1701598325
332,santa cruz,-17.8,-63.1667,76.78,75,100,15.39,BO,1701598326
333,turtas,58.9417,69.1325,3.7,89,100,12.88,RU,1701598327
334,riti,7.9167,9.6167,94.82,34,62,2.08,NG,1701598327
335,nouadhibou,20.931,-17.0347,69.78,83,40,14.97,MR,1701598328
336,isoka,-10.1606,32.6335,79.9,53,100,3.94,ZM,1701598329
337,flin flon,54.7682,-101.865,10.51,99,98,2.86,CA,1701598329
338,massakory,12.996,15.7293,91.53,8,62,12.24,TD,1701598225
339,serhetabat,35.2799,62.3438,69.28,20,0,2.73,TM,1701598331
340,carutapera,-1.195,-46.02,81.3,80,98,6.33,BR,1701598331
341,tyuratam,45.6507,63.3156,50.88,65,100,13.38,KZ,1701598332
342,korla,41.7597,86.1469,39.81,36,0,4.74,CN,1701598332
343,riviere-du-loup,47.8304,-69.5342,24.35,79,100,6.04,CA,1701598211
344,griffith,41.5284,-87.4237,41.05,94,100,4.61,US,1701598334
345,acajutla,13.5928,-89.8275,78.17,79,5,5.61,SV,1701598334
346,kirakira,-10.4544,161.9205,79.81,89,100,14.27,SB,1701598335
347,nueva gerona,21.8833,-82.8,76.73,88,5,3.38,CU,1701598336
348,dunda,-8.1167,34.25,86.05,46,75,3.91,TZ,1701598336
349,floro,61.5996,5.0328,33.76,55,100,12.66,NO,1701598337
350,corn island,12.1694,-83.0418,82.51,76,21,18.5,NI,1701598338
351,george town,5.4112,100.3354,84.13,74,20,4.61,MY,1701598267
352,dryden,49.7833,-92.7503,21.83,87,86,7.56,CA,1701598340
353,sao vicente,-23.9631,-46.3919,85.26,26,98,3.29,BR,1701598340
354,egilsstadir,65.2653,-14.3948,19.98,95,100,3.47,IS,1701598341
355,ulladulla,-35.35,150.4667,62.55,79,100,7.67,AU,1701598342
356,san salvador,13.6894,-89.1872,66.43,86,7,2.46,SV,1701598342
357,tafuna,-14.3358,-170.72,82.35,89,100,9.22,AS,1701598343
358,culebra,18.303,-65.301,80.15,89,19,5.99,PR,1701598343
359,juneau,58.3019,-134.4197,32.11,97,100,0.0,US,1701598061
360,rabo de peixe,37.8,-25.5833,56.71,58,20,13.8,PT,1701598345
361,lufilufi,-13.8745,-171.5986,78.58,81,91,14.58,WS,1701598345
362,narrabri,-30.3167,149.7833,71.53,49,47,1.01,AU,1701598346
363,taoudenni,22.6783,-3.9836,79.57,32,6,7.34,ML,1701598347
364,mejit,10.2753,170.8646,81.12,75,92,18.99,MH,1701598347
365,midvagur,62.0511,-7.1939,32.83,86,20,1.14,FO,1701598348
366,smidovich,48.6,133.8167,3.6,97,62,7.65,RU,1701598228
367,sonsbeck,51.6167,6.3667,35.71,84,0,10.36,DE,1701598349
368,khorramshahr,30.4397,48.1664,73.35,21,1,10.67,IR,1701598187
369,villa canas,-34.0057,-61.6076,54.95,91,100,11.81,AR,1701598350
370,saint-hippolyte,42.7833,2.9667,50.4,57,0,4.61,FR,1701598351
371,lucapa,-8.4192,20.7447,77.67,65,96,3.67,AO,1701598352
372,nigde,37.8333,34.75,54.37,36,100,4.83,TR,1701598352
373,tofol,5.3248,163.0078,83.44,78,100,19.19,FM,1701598353
374,saint-philippe,-21.3585,55.7679,82.11,84,89,10.87,RE,1701598354
375,okahao,-17.885,15.0667,81.27,49,100,8.1,NA,1701598354
376,maralal,1.0968,36.698,71.8,51,23,7.72,KE,1701598355
377,bria,6.5423,21.9863,90.39,46,85,2.66,CF,1701598356
378,lakatoro,-16.0999,167.4164,80.73,81,100,12.1,VU,1701598356
379,itoman,26.1247,127.6694,66.97,90,75,11.5,JP,1701598357
380,emerald,-23.5333,148.1667,89.2,32,96,9.24,AU,1701598357
381,weno,7.4515,151.8468,82.35,83,75,8.05,FM,1701598358
382,kalyazin,57.2403,37.8433,22.01,94,100,7.72,RU,1701598359
383,rumbek,6.802,29.6912,99.23,24,28,5.26,SS,1701598359
384,hell-ville,-13.4,48.2667,81.84,75,61,5.03,MG,1701598360
385,mana,5.6592,-53.7767,77.43,87,69,7.74,GF,1701598361
386,lompoc,34.6391,-120.4579,54.93,87,0,11.99,US,1701598361
387,lystrup,56.2375,10.2378,29.35,97,100,2.06,DK,1701598362
388,swakopmund,-22.6833,14.5333,66.97,82,99,3.0,NA,1701598362
389,saguenay,48.4168,-71.0657,21.07,83,100,1.01,CA,1701598201
390,esbjerg,55.4667,8.45,38.91,83,75,8.01,DK,1701598363
391,el alto,-4.2714,-81.2147,68.65,80,11,11.27,PE,1701598364
392,kerikeri,-35.2268,173.9474,66.9,93,100,3.71,NZ,1701598365
393,fernley,39.608,-119.2518,49.06,69,100,9.13,US,1701598365
394,klyuchi,52.2667,79.1667,38.61,92,100,20.78,RU,1701598366
395,rio gallegos,-51.6226,-69.2181,41.59,60,57,23.49,AR,1701598366
396,thinadhoo,0.5333,72.9333,82.62,73,30,11.27,MV,1701598367
397,kutum,14.2,24.6667,80.47,12,3,10.54,SD,1701598368
398,chernyshevskiy,63.0128,112.4714,-40.36,100,78,3.15,RU,1701598368
399,rikaze,29.25,88.8833,42.62,12,0,4.18,CN,1701598370
400,port moresby,-9.4431,147.1797,79.84,86,100,6.08,PG,1701598370
401,barsana,27.65,77.3833,77.14,38,33,8.61,IN,1701598371
402,aripuana,-9.1667,-60.6333,74.28,85,97,1.52,BR,1701598132
403,antsiranana,-12.2787,49.2917,84.29,71,78,9.62,MG,1701598372
404,cannonvale,-20.2833,148.7,79.99,85,88,6.4,AU,1701598373
405,katsuren-haebaru,26.3369,127.8719,66.97,86,100,5.75,JP,1701598373
406,vorkuta,67.5,64.0,-15.3,100,64,4.25,RU,1701598264
407,mata-utu,-13.2816,-176.1745,82.53,78,100,16.75,WF,1701598374
408,puerto madero,14.7208,-92.4215,78.31,77,3,8.7,MX,1701598375
409,hassi messaoud,31.6804,6.0729,61.2,37,0,13.33,DZ,1701598375
410,pingliang,35.5392,106.6861,39.27,50,98,1.12,CN,1701598377
411,saint-francois,46.4154,3.9054,33.66,81,0,2.3,FR,1701598377
412,kwang binh,17.4833,106.6,73.56,88,100,9.95,VN,1701598378
413,dondo,-19.6094,34.7431,88.34,37,0,10.6,MZ,1701598278
414,new norfolk,-42.7826,147.0587,60.93,86,55,2.59,AU,1701598380
415,vilyuchinsk,52.9306,158.4028,19.92,85,88,6.8,RU,1701598341
416,port isabel,26.0734,-97.2086,61.02,87,0,5.75,US,1701598381
417,selfoss,63.9331,-20.9971,26.4,58,100,9.55,IS,1701598382
418,seven pagodas,12.6264,80.1722,77.05,89,100,21.16,IN,1701598238
419,krasnyy chikoy,50.3643,108.7512,16.75,91,100,3.29,RU,1701598383
420,calama,-22.4667,-68.9333,52.99,29,2,6.31,CL,1701598384
421,sassandra,4.95,-6.0833,84.81,68,6,5.79,CI,1701598385
422,veselyy,47.0934,40.7422,61.68,51,100,18.7,RU,1701598385
423,kaa-khem,51.6833,94.7333,6.4,95,95,2.44,RU,1701598305
424,cabedelo,-6.9811,-34.8339,79.47,76,76,9.57,BR,1701598387
425,fuglafjordur,62.244,-6.814,32.47,70,84,7.74,FO,1701598387
426,lethem,3.3803,-59.7968,75.42,75,19,10.02,GY,1701598388
427,asuncion nochixtlan,17.4667,-97.2333,56.07,94,68,4.09,MX,1701598389
428,vasylkiv,50.1869,30.3135,32.25,73,96,23.09,UA,1701598126
429,brookings,44.3114,-96.7984,31.05,87,100,9.22,US,1701598092
430,cidade velha,14.9167,-23.6167,79.27,73,20,19.57,CV,1701598391
431,montelibano,7.9829,-75.4229,74.19,94,27,0.63,CO,1701598391
432,antofagasta,-23.65,-70.4,61.43,84,55,4.72,CL,1701598392
433,rakops,-21.0167,24.3333,95.29,9,10,11.63,BW,1701598392
434,calvinia,-31.4707,19.776,76.93,14,0,15.93,ZA,1701598393
435,stockerau,48.383,16.1996,31.78,80,14,3.0,AT,1701598394
436,belel,7.05,14.4333,82.38,19,51,7.52,CM,1701598395
437,petrolina,-9.3986,-40.5008,80.65,61,20,12.66,BR,1701598395
438,gulf shores,30.246,-87.7008,71.35,84,100,10.36,US,1701598397
439,yzeure,46.5644,3.355,34.2,52,16,5.1,FR,1701598398
440,yeraliyev,43.2,51.65,60.08,53,100,13.91,KZ,1701598398
441,merizo village,13.2658,144.6691,82.96,85,82,17.9,GU,1701598399
442,keflavik,64.0049,-22.5624,28.83,86,75,9.22,IS,1701598400
443,zhengzhou,34.7578,113.6486,49.89,22,10,5.55,CN,1701598400
444,cromer,52.9312,1.2989,37.15,93,100,5.99,GB,1701598401
445,anacapri,40.5558,14.2136,57.51,57,90,11.72,IT,1701598402
446,baruun-urt,46.6806,113.2792,8.17,91,26,5.88,MN,1701598403
447,guerrero negro,27.9769,-114.0611,61.32,60,0,7.25,MX,1701598404
448,kisangani,0.5167,25.2,91.53,47,90,2.15,CD,1701598404
449,eten,-6.9081,-79.8642,68.25,83,0,11.5,PE,1701598164
450,rifle,39.5347,-107.7831,36.37,57,20,5.75,US,1701598405
451,shizuishan,39.2333,106.7694,34.92,21,20,2.82,CN,1701598406
452,noria,32.5167,74.8,74.79,29,56,4.05,IN,1701598407
453,nagqu,31.5,92.0,26.96,22,91,16.22,CN,1701598407
454,rehoboth,-23.3167,17.0833,81.64,40,92,6.55,NA,1701598408
455,darzab,35.9774,65.3783,59.77,28,0,4.45,AF,1701598255
456,rio grande,-32.035,-52.0986,66.94,90,1,3.47,BR,1701598409
457,saint john,45.2727,-66.0677,35.04,85,100,7.56,CA,1701598410
458,fort mcmurray,56.7268,-111.381,8.11,92,100,0.0,CA,1701598411
459,caarapo,-22.6342,-54.8222,74.89,80,55,3.98,BR,1701598240
460,harnosand,62.6323,17.9379,15.8,88,100,9.64,SE,1701598412
461,micheweni,-4.9667,39.8333,83.91,70,100,8.03,TZ,1701598413
462,sos'va,59.1766,61.8558,10.06,94,100,8.99,RU,1701598253
463,kourou,5.1552,-52.6478,73.45,83,59,5.86,GF,1701598414
464,atafu village,-8.5421,-172.5159,83.8,73,100,14.16,TK,1701598414
465,buchanan,5.8808,-10.0467,83.61,74,17,2.48,LR,1701598415
466,trongsa,27.5026,90.5072,57.18,46,0,5.79,BT,1701598416
467,okha,53.5739,142.9478,3.96,87,19,12.62,RU,1701598416
468,abepura,-2.6333,140.5833,81.41,78,20,4.61,ID,1701598417
469,kokuy,52.2037,117.5529,10.67,98,97,3.11,RU,1701598418
470,arkalyk,50.2486,66.9114,29.73,76,90,24.56,KZ,1701598205
471,mareeba,-17.0,145.4333,78.48,87,91,2.51,AU,1701598419
472,pandan,14.0453,124.1694,79.45,88,70,14.09,PH,1701598419
473,urumqi,43.801,87.6005,31.15,75,46,2.24,CN,1701598149
474,miquelon,47.0975,-56.3814,37.4,97,100,13.51,PM,1701598421
475,baiti,13.745,-14.7482,89.11,14,62,12.1,SN,1701598421
476,poxoreo,-15.8372,-54.3892,73.2,79,85,1.52,BR,1701598137
477,lubao,14.9167,120.55,83.91,77,64,11.52,PH,1701598423
478,usogorsk,63.4106,48.6872,10.49,96,97,3.33,RU,1701598424
479,naantali,60.4674,22.0243,12.61,86,100,3.44,FI,1701598424
480,kununurra,-15.7667,128.7333,94.98,46,96,12.66,AU,1701598425
481,kavaratti,10.5669,72.642,83.79,74,95,13.98,IN,1701598426
482,lewistown,40.5992,-77.5714,52.95,93,100,0.0,US,1701598427
483,mtsensk,53.2766,36.5733,26.78,94,100,13.87,RU,1701598427
484,victorica,-36.2151,-65.4359,52.07,24,4,7.47,AR,1701598428
485,cabo san lucas,22.8909,-109.9124,70.52,74,0,1.01,MX,1701598174
486,fereydun kenar,36.6864,52.5225,65.98,53,0,6.38,IR,1701598429
487,enewetak,11.3474,162.3373,81.75,77,100,19.24,MH,1701598430
488,lazaro cardenas,17.9583,-102.2,76.73,77,99,3.53,MX,1701598430
489,sinazongwe,-17.2614,27.4618,88.56,44,12,12.91,ZM,1701598431
490,delta,5.5,6.0,89.26,58,51,3.65,NG,1701598432
491,ndikinimeki,4.7667,10.8333,82.74,56,84,1.45,CM,1701598432
492,bodo,67.28,14.405,22.77,68,0,19.57,NO,1701598433
493,kiunga,-6.1219,141.2906,75.92,98,91,2.75,PG,1701598434
494,kalmunai,7.4167,81.8167,83.17,75,94,4.03,LK,1701598162
495,mafinga,-7.25,35.0667,83.48,52,100,4.36,TZ,1701598230
496,san julian,21.0167,-102.1667,56.52,69,100,2.53,MX,1701598435
497,polyarnyy,69.1989,33.4478,27.12,87,99,7.05,RU,1701598245
498,kangding,30.0513,101.9603,43.0,82,86,0.51,CN,1701598437
499,svetlyy,54.675,20.1347,32.05,94,100,2.17,RU,1701598437
500,mahdia,35.5047,11.0622,62.55,61,97,21.61,TN,1701598438
501,belmonte,-15.8631,-38.8828,80.58,69,28,7.4,BR,1701598438
502,rancho palos verdes,33.7445,-118.387,58.21,93,25,1.99,US,1701598274
503,sovetskaya gavan',48.9723,140.2878,14.11,80,5,5.84,RU,1701598440
504,ceska lipa,50.6855,14.5376,28.45,96,93,3.36,CZ,1701598440
505,banfora,10.6333,-4.7667,91.38,17,85,6.85,BF,1701598441
506,callao,-12.0667,-77.15,68.72,82,100,8.05,PE,1701598441
507,talcahuano,-36.7167,-73.1167,47.08,64,0,10.69,CL,1701598442
508,humberto de campos,-2.5983,-43.4611,78.24,90,97,5.61,BR,1701598443
509,ashland,40.8167,-82.2665,46.36,98,98,3.58,US,1701598443
510,khanty-mansiysk,61.0042,69.0019,-1.89,71,0,11.18,RU,1701598444
511,rio preto da eva,-2.6994,-59.6997,73.49,96,100,2.17,BR,1701598444
512,bojnurd,37.4747,57.329,61.84,24,9,5.66,IR,1701598182
513,argostolion,38.1811,20.489,68.07,88,40,0.0,GR,1701598446
514,malango,-2.9627,119.9001,70.68,97,90,1.03,ID,1701598446
515,marquelia,16.5833,-98.8167,76.62,79,8,3.22,MX,1701598447
516,fedorovskiy,45.0972,40.9517,64.65,45,97,4.7,RU,1701598448
517,kayyerkan,69.3786,87.7439,-28.1,92,21,2.95,RU,1701598448
518,nicoya,10.1483,-85.452,72.55,93,24,1.48,CR,1701598449
519,tarawa,1.419,172.984,82.49,83,75,4.61,KI,1701598450
520,puerto rico,-26.796,-55.024,72.88,98,99,2.75,AR,1701598313
521,la maddalena,41.2142,9.4083,55.56,60,24,19.39,IT,1701598283
522,mtimbira,-8.7833,36.35,86.99,63,87,3.58,TZ,1701598452
523,mantua,45.1667,10.7833,48.97,75,99,3.0,IT,1701598452
524,aberdeen,57.1437,-2.0981,28.89,92,75,5.75,GB,1701598453
525,de aar,-30.6497,24.0123,85.66,24,100,22.68,ZA,1701598454
526,myeik,12.4333,98.6,83.05,76,85,4.12,MM,1701598454
527,kijang,35.2442,129.2139,46.8,46,0,1.45,KR,1701598455
528,miracema do tocantins,-9.5618,-48.3967,80.56,67,84,0.98,BR,1701598456
529,siracusa,37.0881,15.2792,61.97,50,100,4.12,IT,1701598456
530,mount pearl,47.5166,-52.7813,35.15,89,98,1.99,CA,1701598457
531,kupang,-10.1667,123.5833,84.78,84,40,5.75,ID,1701598457
532,diekirch,49.8678,6.1558,31.28,76,33,9.01,LU,1701598458
533,olyokminsk,60.3736,120.4264,-15.68,95,100,4.07,RU,1701598459
534,khilok,51.3674,110.4676,18.23,91,95,6.8,RU,1701598460
535,las lomitas,-24.7096,-60.593,85.26,52,100,7.76,AR,1701598460
536,lionel town,17.8101,-77.2406,73.96,87,7,6.93,JM,1701598461
537,brasileia,-11.0161,-68.7481,72.88,92,86,3.06,BR,1701598462
538,zag,46.9441,99.165,8.28,80,73,2.48,MN,1701598462
539,eyl,7.9803,49.8164,87.24,44,75,22.39,SO,1701598463
540,puerto deseado,-47.7503,-65.8938,44.29,63,24,24.94,AR,1701598464
541,el granada,37.5027,-122.4694,58.32,92,100,4.61,US,1701598464
542,whangarei,-35.7317,174.3239,62.64,99,67,3.02,NZ,1701598465
543,brisas de zicatela,15.8369,-97.0419,77.52,72,2,4.59,MX,1701598465
544,lins,-21.6786,-49.7425,76.84,76,12,5.46,BR,1701598466
545,impfondo,1.6381,18.0667,84.58,63,97,4.25,CG,1701598467
546,choyr,46.3611,108.3611,15.39,78,89,4.0,MN,1701598467
547,labrador city,52.9463,-66.9114,-4.09,77,100,4.61,CA,1701598210
548,illapel,-31.6308,-71.1653,62.4,63,4,1.77,CL,1701598469
549,kailua-kona,19.6406,-155.9956,77.59,85,20,4.61,US,1701598469
550,at taraf,25.3628,49.725,79.34,32,23,10.67,SA,1701598470
551,east dereham,52.6833,0.9333,39.02,97,100,15.17,GB,1701598471
552,bridgewater,44.3835,-64.5155,36.63,96,100,1.99,CA,1701598471
553,pangody,65.85,74.4859,-20.94,96,6,10.98,RU,1701598472
